name	Mumbleweed	Oaken	Ankylo	Gemlin	Hopstraw	Coolslime	Pappus	Brickhouse	Dusty	Punchypot	Fluffox	Longlog	Womr	Chiminea	Wildwood	Fishbo	Flote	Starsee	Torble	Snorcko	Sandcrashle	Beabeau	Claudio	Octopup	Dropple	Eleplant	Tidan	Ribbite	Trunkle	Minishroom	Taddle	Birdbrain	Marsha	Radlad	Snaplant	Toxitoe	Shrubbin	Snapdragon	Burgloon	Cumulo	Capacibee	Armbot	Bulbot	Sparky	Barkbyte	Kiwiwatt	Breadmaus	Snohm	Bittybolt	Sparking	Flambit	Prikli	Sheemp	Lucerna	Sinjin	Firetyre	Flamane	Bonefire	Spyreling	Pombomb	Hoppot	Posho	Taro	Lookachoo	Minoot	Rablit	Mystislime	Magicat	Beardini	Loonylid	Jelbell	Shadeling	Arkeya	Karyote	Darkoffee	Puppox	Evileye	Wolfbane	Catsket	Darclock	Fangface	Bungo	Missingno	Bandicle	Sorbaton	Bonguin	Hygge	Whistler	Yeeti	Honkshoo	Eyesee	Grampus	Glovem	Guardian	InfinidungeonMiniboss	InfinidungeonBoss
element	Earth	Earth	Earth	Earth	Earth	Earth	Earth	Earth	Earth	Earth	Earth	Earth	Earth	Earth	Earth	Water	Water	Water	Water	Water	Water	Water	Water	Water	Water	Water	Water	Poison	Poison	Poison	Poison	Poison	Poison	Poison	Poison	Poison	Poison	Poison	Electric	Electric	Electric	Electric	Electric	Electric	Electric	Electric	Electric	Electric	Electric	Electric	Fire	Fire	Fire	Fire	Fire	Fire	Fire	Fire	Fire	Fire	Fire	Psychic	Psychic	Psychic	Psychic	Psychic	Psychic	Psychic	Psychic	Psychic	Psychic	Psychic	Dark	Dark	Dark	Dark	Dark	Dark	Dark	Dark	Dark	Dark	Dark	Ice	Ice	Ice	Ice	Ice	Ice	Ice	Ice	Ice	Ice	Undefined	Undefined	Undefined
rarity	2	4	3	1	2	4	3	4	1	1	1	2	3	2	99	4	3	2	1	4	1	3	3	4	4	2	99	2	1	1	3	3	2	4	4	2	1	99	3	2	1	3	1	2	4	2	4	1	4	99	1	2	3	1	3	4	4	2	2	3	2	1	3	4	2	3	4	2	4	2	4	4	4	1	2	3	1	4	2	3	4	3	99	4	2	1	3	1	4	3	2	4	3	99	99	99
speed	3	1	1	0	1	1	3	1	4	3	2	2	3	1	0	3	1	2	1	2	4	6	3	4	2	2	0	4	2	3	4	2	1	4	3	3	1	0	3	2	2	3	4	4	2	4	3	1	5	0	2	2	3	2	1	4	3	4	3	2	2	2	1	2	2	4	2	4	2	1	3	3	1	1	3	3	2	2	2	4	4	1	0	3	2	1	2	6	2	1	2	3	4	4	3	4
vitality	1	1	2	1	5	1	1	2	1	1	2	4	2	3	0	2	2	2	2	2	3	3	2	2	3	4	0	1	1	1	1	3	3	2	2	4	2	0	1	2	1	1	2	2	4	3	1	2	2	0	1	1	1	1	1	2	3	1	2	2	4	1	1	1	1	2	2	2	2	1	3	3	1	1	1	1	1	3	2	1	3	3	1	4	1	1	3	1	2	3	4	2	3	2	2	2
armor	2	3	2	4	1	1	3	3	2	1	2	3	2	2	0	3	3	3	5	3	2	1	2	4	3	3	0	2	1	2	2	2	2	2	2	1	3	0	2	1	1	4	2	2	1	1	4	3	1	0	2	3	2	4	3	2	2	2	3	2	3	1	1	1	2	3	1	1	3	1	1	3	1	1	1	1	2	2	2	2	1	4	0	3	3	2	1	2	2	3	3	2	1	2	5	7
power	4	5	5	5	4	6	1	3	1	5	2	2	4	3	0	3	3	5	3	5	2	1	4	1	3	2	0	3	5	3	3	3	4	2	2	2	3	0	4	5	5	2	2	2	3	2	2	4	2	0	4	5	5	4	6	2	3	3	3	4	2	4	5	6	4	1	4	2	3	6	4	3	8	7	6	5	4	4	3	2	3	2	0	1	4	6	3	2	5	3	2	3	2	2	2	4
locked	0	0	1	0	0	0	0	0	0	0	0	1	0	0	0	0	0	0	0	0	0	0	0	0	1	0	0	0	0	0	0	0	0	0	1	0	0	0	0	0	0	0	0	1	0	1	0	0	0	0	0	1	0	0	0	0	0	0	0	0	0	0	0	0	1	0	0	0	0	0	0	2	0	0	0	1	0	0	0	0	0	0	0	0	0	0	0	0	0	0	0	0	0	0	0	0
hpBase	15	15	15	15	10	10	10	20	20	10	20	15	10	20	85	15	10	10	15	15	15	10	10	20	15	15	100	15	10	10	15	20	20	10	10	10	10	125	15	20	15	20	15	15	15	15	15	15	20	75	15	10	10	15	15	10	15	15	10	15	20	10	15	10	10	15	15	10	15	15	10	10	20	15	15	20	15	15	20	20	10	20	503	15	15	15	15	10	20	20	10	15	20	10	50	75
Ability	Mumble Tumble	Bark Bash	Bad Temper	Reliable Talent	Scary Straw	Free Food	Breeze Bender	Mad House	Lil Guy Energy	Plentiful Punches	Friendly Fluff	Log Jog	Lawn Mowr	Get Rocked	Darkwood Decoys	Fish Food	Sailors Delight	Friendly Face	Tough Tortoise	Snorkle Scout	Hidden Treasure	Cool Shades	Rain Run	Regenereight	Salt vs Steel	Shrub Spout	Flood Hand	Bouncing Bane	Fungal Fumes	Shroom Shrink	Swamp Skin	Bird Bane	Benevolent Bane	Rad Dish	Potent Poison	Sock Song	Topiary Target	Poison Aura	Spirit Spoils	Breaker	Recharge	Long Arms	Totally Lit	Electric Overload	Dig Dog	Frizzy Friend	Burnt Toast	Take Thisss	Energy Efficient	Energy Surge	Hot in Here	Needler	Hot to Touch	Rekindle	Burn Bright	Fire Foot	Lucky Light	Combustion Engine	Slay With Fire	Exploding Puppies	First Sip	Become Ethereal	Tranquil Trot	Sneezy Breezy	Shuffle Time	Lamp Light	Slime Skill	Magic Wand	Disappearing Act	Kindred Spirits	Sea Sight	Ancient Aura	Eldritch Toll	Dark Blessing	Caffeine Kick	Eerie Jig	Unwelcome Presence	Death Grip	Raise Dead	Time Heals All	Demon Dice	Bungovision	Dark Ritual	Ice Gold	Shaved Ice	Frost Layer	Gift Giver	Fresh Pow	Snowball	Catchin Zs	Double Scoop	Mighty Moustache	Chill Vibes	Artificial Armor	InfinidungeonAbility1	InfinidungeonAbility2
MineOnly				1						1				1					1										1														1											1							1																																			
ShinyColor	212,201,131;255,255,0;62.7	19,194,130;48,76,187;90	202,169,120;255,255,255;80	187,131,102;255,255,255;50	182,193,137;255,221,0;50	149, 116, 84;250, 0, 0;60	33, 191, 114;255, 0, 0;80	174, 191, 142;89, 0, 255;60	130, 120, 80;228, 245, 0;60	170, 117, 78;228, 0, 245;60	152, 113, 89;245, 0, 0;60	179,146,97;10,10,10;45	195,73,69;0,179,86;70	 176, 193, 118;47, 233, 187;70		49,133,228;7,223,219;50	71,122,211;200,0,240;70	60,153,232;0,199,66;87.3	71,122,211;223,253,248;45.7	201,190,70;36,36,255;85	70,190,248;45,180,54;70.9	70,190,248;0,204,41;40	223,253,248;0,0,0;40	57, 159, 248;43, 255, 0;70	57, 159, 248;0, 255, 85;70	106, 239, 248;112, 224, 0;80		19,194,130;101,53,192;100	169,93,220;245,0,0;49.7	147,107,85;255,0,247;22.9	87,199,91;11,178,249;50	146, 82, 182;0, 245, 228;60	138, 82, 184;245, 0, 0;60	98, 173, 106;245, 0, 0;60	137, 82, 182;245, 0, 0;70	64, 187, 85;228, 1, 1;60	52, 204, 152;240, 140, 0;70  		89,101,92;126,17,176;50	223,162,68;10,18,255;80	123,97,77;132,26,203;50	223,162,68;243,27,189;63.4	178, 178, 80;166, 0, 255;70	223, 193, 31;255,255,255;100	155, 204, 209;123, 43, 243;70	214, 204, 58;0, 214, 211;70	191, 194, 154;0, 41, 3;70	223, 142, 94;225, 255, 0;60	222, 215, 83;100, 181, 232;90		221,159,56;40,240,74;90	215,176,116;251,255,0;45	89,101,92;34,88,216;40	220,134,44;55,255,0;41.2	193,73,69;228,245,0;60	193,73,69;245,237,15;50	127, 58, 178;0, 245, 106;70	167,214,218;0,30,255;80	223,117,84;225,228,1;60	100, 122, 167;241, 30, 174;70	221, 94, 90;224, 217, 0;80	203,161,43;76,23,222;81.5	203,161,43;13,231,206;73.8	120,137,224;0,255,136;100	212,125,207;0,231,235;46	223,161,218;95,83,253;40	178, 164, 131;0, 241, 245;60	223, 253, 248;28, 28, 28;50	223, 137, 182;245, 0, 0;50	223, 136, 182;0, 255, 251;60	164, 110, 168;241, 30, 30;70	24, 55, 51;252, 85, 252;50	72,58,159;255,255,255;80	101,88,191;238,23,126;60	112,97,91;224,11,11;60	122,91,199;245,0,0;46.7	222,209,72;0,255,255;70	83, 78, 159;0, 241, 245;60	178,131,230;230,0,0;80	207, 172, 63;0, 255, 51;70	61, 36, 86;166, 7, 7;70	 102,88,192;33,234,6;70		59, 164, 248;245, 0, 0;60	200,169,124;242,235,28;60	203,161,43;255,255,255;60	223,216,83;255,0,0;50	147,113,248;255,0,0;60	72,193,248;239,78,233;60	77,166,240;41,255,55;50	78,208,175;225,255,0;60	77, 166, 241;162, 6, 234;70	77, 167, 241;224, 217, 0;80			
COMMENT				Mine only, should have locked=0						Mine only, should have locked=0		Locked until Earth temple is cleared			Bosses should have empty ShinyColor value										No dot in the ability name here. Locked until the temple is cleared										Locked until the temple is cleared									Locked until the temple is cleared																																Locked until the rift cleared																				
