element	card1	card2	card3	card4	card5	card6	card7	card8	card9
Dark	Eldritch Blast	Eldritch Blast	Bash	Bash	Bash	Tackle	Tackle	Horrify	Ethereal
Poison	Poison	Poison	Bash	Bash	Bash	Tackle	Tackle	Tackle	Spore
Water	Waterfall	Waterfall	Bash	Bash	Bash	Tackle	Tackle	Tidal Wave	Regen
Electric	Zap	Zap	Bash	Bash	Bash	Tackle	Tackle	Shock	Charge
Psychic	Mind Spike	Mind Spike	Bash	Bash	Bash	Tackle	Tackle	Premonition	Open Mind
Ice	Blizzard	Blizzard	Bash	Bash	Bash	Tackle	Tackle	Snowball	Ice Spikes
Earth	Fallen Foe	Bash	Bash	Bash	Tackle	Tackle	Tackle	Focus	Rage
Fire	Torch	Torch	Bash	Bash	Bash	Tackle	Tackle	Fireball	Burn

